uploaderID,postid,image,caption,tmstp
user1,post1,https://tinyurl.com/27m6589e,caption121,
user13,post2,https://tinyurl.com/27m6589e,caption122,
user9,post3,https://tinyurl.com/27m6589e,caption123,
user14,post4,https://tinyurl.com/27m6589e,caption124,
user5,post5,https://tinyurl.com/27m6589e,caption125,
user10,post6,https://tinyurl.com/27m6589e,caption126,
user11,post7,https://tinyurl.com/27m6589e,caption127,
user2,post8,https://tinyurl.com/27m6589e,caption128,
user8,post9,https://tinyurl.com/27m6589e,caption129,
user22,post10,https://tinyurl.com/27m6589e,caption130,
user17,post11,https://tinyurl.com/27m6589e,caption131,
user21,post12,https://tinyurl.com/27m6589e,caption132,
user17,post13,https://tinyurl.com/27m6589e,caption133,
user5,post14,https://tinyurl.com/27m6589e,caption134,
user5,post15,https://tinyurl.com/27m6589e,caption135,
user11,post16,https://tinyurl.com/27m6589e,caption136,
user10,post17,https://tinyurl.com/27m6589e,caption137,
user16,post18,https://tinyurl.com/27m6589e,caption138,
user9,post19,https://tinyurl.com/27m6589e,caption139,
user17,post20,https://tinyurl.com/27m6589e,caption140,
user3,post21,https://tinyurl.com/27m6589e,caption141,
user19,post22,https://tinyurl.com/27m6589e,caption142,
user21,post23,https://tinyurl.com/27m6589e,caption143,
user3,post24,https://tinyurl.com/27m6589e,caption144,
user23,post25,https://tinyurl.com/27m6589e,caption145,
user12,post26,https://tinyurl.com/27m6589e,caption146,
user3,post27,https://tinyurl.com/27m6589e,caption147,
user16,post28,https://tinyurl.com/27m6589e,caption148,
user12,post29,https://tinyurl.com/27m6589e,caption149,
user23,post30,https://tinyurl.com/27m6589e,caption150,
user19,post31,https://tinyurl.com/27m6589e,caption151,
user5,post32,https://tinyurl.com/27m6589e,caption152,
user6,post33,https://tinyurl.com/27m6589e,caption153,
user15,post34,https://tinyurl.com/27m6589e,caption154,
user1,post35,https://tinyurl.com/27m6589e,caption155,
user4,post36,https://tinyurl.com/27m6589e,caption156,
user20,post37,https://tinyurl.com/27m6589e,caption157,
user20,post38,https://tinyurl.com/27m6589e,caption158,
user11,post39,https://tinyurl.com/27m6589e,caption159,
user11,post40,https://tinyurl.com/27m6589e,caption160,
user14,post41,https://tinyurl.com/27m6589e,caption161,
user18,post42,https://tinyurl.com/27m6589e,caption162,
user19,post43,https://tinyurl.com/27m6589e,caption163,
user16,post44,https://tinyurl.com/27m6589e,caption164,
user18,post45,https://tinyurl.com/27m6589e,caption165,
user7,post46,https://tinyurl.com/27m6589e,caption166,
user15,post47,https://tinyurl.com/27m6589e,caption167,
user1,post48,https://tinyurl.com/27m6589e,caption168,
user15,post49,https://tinyurl.com/27m6589e,caption169,
user13,post50,https://tinyurl.com/27m6589e,caption170,
user14,post51,https://tinyurl.com/27m6589e,caption171,
user1,post52,https://tinyurl.com/27m6589e,caption172,
user3,post53,https://tinyurl.com/27m6589e,caption173,
user18,post54,https://tinyurl.com/27m6589e,caption174,
user11,post55,https://tinyurl.com/27m6589e,caption175,
user9,post56,https://tinyurl.com/27m6589e,caption176,
user12,post57,https://tinyurl.com/27m6589e,caption177,
user6,post58,https://tinyurl.com/27m6589e,caption178,
user15,post59,https://tinyurl.com/27m6589e,caption179,
user6,post60,https://tinyurl.com/27m6589e,caption180,
user13,post61,https://tinyurl.com/27m6589e,caption181,
user5,post62,https://tinyurl.com/27m6589e,caption182,
user4,post63,https://tinyurl.com/27m6589e,caption183,
user20,post64,https://tinyurl.com/27m6589e,caption184,
user7,post65,https://tinyurl.com/27m6589e,caption185,
user22,post66,https://tinyurl.com/27m6589e,caption186,
user14,post67,https://tinyurl.com/27m6589e,caption187,
user22,post68,https://tinyurl.com/27m6589e,caption188,
user13,post69,https://tinyurl.com/27m6589e,caption189,
user6,post70,https://tinyurl.com/27m6589e,caption190,
user21,post71,https://tinyurl.com/27m6589e,caption191,
user13,post72,https://tinyurl.com/27m6589e,caption192,
user20,post73,https://tinyurl.com/27m6589e,caption193,
user3,post74,https://tinyurl.com/27m6589e,caption194,
user3,post75,https://tinyurl.com/27m6589e,caption195,
user13,post76,https://tinyurl.com/27m6589e,caption196,
user5,post77,https://tinyurl.com/27m6589e,caption197,
user7,post78,https://tinyurl.com/27m6589e,caption198,
user14,post79,https://tinyurl.com/27m6589e,caption199,
user22,post80,https://tinyurl.com/27m6589e,caption200,
user14,post81,https://tinyurl.com/27m6589e,caption201,
user16,post82,https://tinyurl.com/27m6589e,caption202,
user2,post83,https://tinyurl.com/27m6589e,caption203,
user5,post84,https://tinyurl.com/27m6589e,caption204,
user21,post85,https://tinyurl.com/27m6589e,caption205,
user14,post86,https://tinyurl.com/27m6589e,caption206,
user2,post87,https://tinyurl.com/27m6589e,caption207,
user11,post88,https://tinyurl.com/27m6589e,caption208,
user12,post89,https://tinyurl.com/27m6589e,caption209,
user9,post90,https://tinyurl.com/27m6589e,caption210,
user15,post91,https://tinyurl.com/27m6589e,caption211,
user5,post92,https://tinyurl.com/27m6589e,caption212,
user6,post93,https://tinyurl.com/27m6589e,caption213,
user11,post94,https://tinyurl.com/27m6589e,caption214,
user1,post95,https://tinyurl.com/27m6589e,caption215,
user10,post96,https://tinyurl.com/27m6589e,caption216,
user18,post97,https://tinyurl.com/27m6589e,caption217,
user22,post98,https://tinyurl.com/27m6589e,caption218,
user15,post99,https://tinyurl.com/27m6589e,caption219,
user4,post100,https://tinyurl.com/27m6589e,caption220,
user15,post101,https://tinyurl.com/27m6589e,caption221,
user16,post102,https://tinyurl.com/27m6589e,caption222,
user13,post103,https://tinyurl.com/27m6589e,caption223,
user21,post104,https://tinyurl.com/27m6589e,caption224,
user15,post105,https://tinyurl.com/27m6589e,caption225,
user10,post106,https://tinyurl.com/27m6589e,caption226,
user21,post107,https://tinyurl.com/27m6589e,caption227,
user13,post108,https://tinyurl.com/27m6589e,caption228,
user3,post109,https://tinyurl.com/27m6589e,caption229,
user9,post110,https://tinyurl.com/27m6589e,caption230,
user16,post111,https://tinyurl.com/27m6589e,caption231,
user7,post112,https://tinyurl.com/27m6589e,caption232,
user4,post113,https://tinyurl.com/27m6589e,caption233,
user23,post114,https://tinyurl.com/27m6589e,caption234,
user2,post115,https://tinyurl.com/27m6589e,caption235,
user19,post116,https://tinyurl.com/27m6589e,caption236,
user7,post117,https://tinyurl.com/27m6589e,caption237,
user6,post118,https://tinyurl.com/27m6589e,caption238,
user2,post119,https://tinyurl.com/27m6589e,caption239,
user3,post120,https://tinyurl.com/27m6589e,caption240,
user2,post121,https://tinyurl.com/27m6589e,caption241,
user7,post122,https://tinyurl.com/27m6589e,caption242,
user16,post123,https://tinyurl.com/27m6589e,caption243,
user15,post124,https://tinyurl.com/27m6589e,caption244,
user22,post125,https://tinyurl.com/27m6589e,caption245,
user11,post126,https://tinyurl.com/27m6589e,caption246,
user8,post127,https://tinyurl.com/27m6589e,caption247,
user15,post128,https://tinyurl.com/27m6589e,caption248,
user12,post129,https://tinyurl.com/27m6589e,caption249,
user22,post130,https://tinyurl.com/27m6589e,caption250,
user8,post131,https://tinyurl.com/27m6589e,caption251,
user3,post132,https://tinyurl.com/27m6589e,caption252,
user18,post133,https://tinyurl.com/27m6589e,caption253,
user10,post134,https://tinyurl.com/27m6589e,caption254,
user11,post135,https://tinyurl.com/27m6589e,caption255,
user17,post136,https://tinyurl.com/27m6589e,caption256,
user5,post137,https://tinyurl.com/27m6589e,caption257,
user17,post138,https://tinyurl.com/27m6589e,caption258,
user11,post139,https://tinyurl.com/27m6589e,caption259,
user4,post140,https://tinyurl.com/27m6589e,caption260,
user4,post141,https://tinyurl.com/27m6589e,caption261,
user6,post142,https://tinyurl.com/27m6589e,caption262,
user10,post143,https://tinyurl.com/27m6589e,caption263,
user4,post144,https://tinyurl.com/27m6589e,caption264,
user6,post145,https://tinyurl.com/27m6589e,caption265,
user3,post146,https://tinyurl.com/27m6589e,caption266,
user12,post147,https://tinyurl.com/27m6589e,caption267,
user5,post148,https://tinyurl.com/27m6589e,caption268,
user16,post149,https://tinyurl.com/27m6589e,caption269,
user10,post150,https://tinyurl.com/27m6589e,caption270,
user3,post151,https://tinyurl.com/27m6589e,caption271,
user8,post152,https://tinyurl.com/27m6589e,caption272,
user5,post153,https://tinyurl.com/27m6589e,caption273,
user11,post154,https://tinyurl.com/27m6589e,caption274,
user12,post155,https://tinyurl.com/27m6589e,caption275,
user23,post156,https://tinyurl.com/27m6589e,caption276,
user15,post157,https://tinyurl.com/27m6589e,caption277,
user10,post158,https://tinyurl.com/27m6589e,caption278,
user6,post159,https://tinyurl.com/27m6589e,caption279,
user13,post160,https://tinyurl.com/27m6589e,caption280,
user23,post161,https://tinyurl.com/27m6589e,caption281,
user9,post162,https://tinyurl.com/27m6589e,caption282,
user16,post163,https://tinyurl.com/27m6589e,caption283,
user1,post164,https://tinyurl.com/27m6589e,caption284,
user20,post165,https://tinyurl.com/27m6589e,caption285,
user2,post166,https://tinyurl.com/27m6589e,caption286,
user18,post167,https://tinyurl.com/27m6589e,caption287,
user3,post168,https://tinyurl.com/27m6589e,caption288,
user17,post169,https://tinyurl.com/27m6589e,caption289,
user1,post170,https://tinyurl.com/27m6589e,caption290,
user15,post171,https://tinyurl.com/27m6589e,caption291,
user14,post172,https://tinyurl.com/27m6589e,caption292,
user23,post173,https://tinyurl.com/27m6589e,caption293,
user13,post174,https://tinyurl.com/27m6589e,caption294,
user22,post175,https://tinyurl.com/27m6589e,caption295,
user1,post176,https://tinyurl.com/27m6589e,caption296,
user1,post177,https://tinyurl.com/27m6589e,caption297,
user20,post178,https://tinyurl.com/27m6589e,caption298,
user3,post179,https://tinyurl.com/27m6589e,caption299,
user18,post180,https://tinyurl.com/27m6589e,caption300,
user10,post181,https://tinyurl.com/27m6589e,caption301,
user21,post182,https://tinyurl.com/27m6589e,caption302,
user4,post183,https://tinyurl.com/27m6589e,caption303,
user19,post184,https://tinyurl.com/27m6589e,caption304,
user11,post185,https://tinyurl.com/27m6589e,caption305,
user17,post186,https://tinyurl.com/27m6589e,caption306,
user2,post187,https://tinyurl.com/27m6589e,caption307,
user14,post188,https://tinyurl.com/27m6589e,caption308,
user13,post189,https://tinyurl.com/27m6589e,caption309,
user2,post190,https://tinyurl.com/27m6589e,caption310,
user12,post191,https://tinyurl.com/27m6589e,caption311,
user1,post192,https://tinyurl.com/27m6589e,caption312,
user9,post193,https://tinyurl.com/27m6589e,caption313,
user4,post194,https://tinyurl.com/27m6589e,caption314,
user4,post195,https://tinyurl.com/27m6589e,caption315,
user8,post196,https://tinyurl.com/27m6589e,caption316,
